employee_id,full_name
3CA946A9,Kortney Lapierre Brazee
FFB74DA3,Gita Meidinger
68B6478E,Georgia Ro Basil
086248E6,Consuela Schomer
6C2E4983,Domingo Stansel
9CD3487D,Avelina Brinkman
2E064E2D,Felipa Riviera
7E3F4762,Nevada Deane Duerr
A97C4B06,Lissa Pasha
DC7641CF,Ashlea Curling Maloy
0922466F,Emilia Bonomo
54C34144,Avril Dashiell
16AF45FD,Velvet Moench
EE8B425E,Imelda Tindell Paulette
A7224514,Leonia Bradish
B17D4953,Angelika Laber
51564EF3,Consuelo Hagenbuch
909B44BC,Danielle Burnell
E8304872,Milissa Brennen
EFE7444B,Marquita Arora
939048A6,Retha Chauvin
191D451D,Socorro Bruemmer
1EDF4016,Odessa Eckles
1BC14D47,Natasha Romanova
7D534689,Leana Whittier
909042CB,Iluminada Durgin
327B4F87,Carolee Peterkin Caruso
861E47FE,Donnette Perfecto
656945FC,Nikki Schewe
919F4210,Yvone Brower
63AB468A,Karena Exner
11A04758,Jodi Colston
7E844584,Blythe Greek
4BDC45F1,Alphonse Koski
729A43AF,Marlon Ramires
0F314DE9,Caryl Petrick
5BAB4A87,Domitila Phan
E490429A,An Bittinger
E04F4115,Margorie Fimbres
6F8A4299,Lane Leo
E4B545E4,Palma Tait
AEAA4423,Claudine Burgard
20AE48FA,Edgardo Lipka Tubman
3E00438F,Rhona Neifert
04514F03,Lenora K. Monteiro
C527482B,Madison Munroe
F0414897,Shera Carstarphen
126A4A4D,Autumn Drucker
D3DF4670,Sasha Eadie
D95545D8,Tony Stark
013E4FAC,Marylouise Alvidrez
905E4DF3,Aracely Moctezuma
DF3A45D5,Hettie Nickel
E0AA4C55,Khalilah Heit
37B1420B,Awilda Kyler
ACD44D4A,Denna Sieber
61C4449D,Laquanda Liss
C49A4F68,Tommy Wiseau
A62643C0,Leann Lukowski
32B94F69,Marianna Pershall
303C43C8,Rocio E. Thatch
CAE4414D,Nannie Marlin
49364CDC,Marcos Ramer
15B24EE9,Krysta Stogner
CA454946,Taunya Sattler
F5BF409F,Fannie Stadler Redfern
5D7943E6,Mickey Runk
B40F48D9,Margret Hippert
86624B35,Fausto Sutherlin
6DAB46DE,Shellie Lundquist
A16E4777,M. Hailey Crafton
2AD94CAB,Madge Lundholm
A5894428,Arie Levesque
24E649B2,Sulema Whatserface Carrillo
BDBC445A,Oren Uyeda
2C484910,Alene Aumiller
2F394599,Sheryll Hurst Baumer
E6DB4AFD,Gena Zellars
7E78436D,Darrell Schaller
A2394BFE,Robbi Ponds Reali
6F514728,Andrea Schwindt
AF2345D4,Sterling Malory Archer
A98B4C12,Lavonda Boller
C8844F78,Kacey Demille
D4C94982,Saran Mackay Breazeale
F0324186,Clark Kent
A53543B2,Gordon Staton
52304EF5,Jonnie Midd'augh
6DF84129,Delana Briley
5BD04FA4,Tod Staiger
34544B4F,Lucie Hillman
22A7443D,Dorathy Gaiter Cuffee
5F234C53,Latoya Aslett
712E4B95,Kennith Bohannon
F8B045EA,Tammi Towe
4B704FDF,Rubin Budd
3F314589,Christina Froehlich
3CA049F1,Elizabeth Mitts
995648EA,Rufus Prost
67824CB3,Reuben Pascucci
07E746E1,Leanora Dean
54954250,Bebe Dipasquale
8DFA42BF,Celestine Atkison
97E24BAE,Eden Lucien
EEF446B6,Wilbur Mcgavock
F8834D44,Joy Beckler
ADA842FE,Evan Manor
D94B4331,Dreama Frederickson
AD214365,Nicole Tash
9D1A45D0,Hilda Falcon
31064226,Daryl Caples
BDC74512,Olive Roche-Pierre Rep'loge
51AB4158,Eleanore Ladwig
F91F4ED9,Johana Willison
0F944B3C,January Kraatz
7F864557,Zenaida Kilby
D0E549CB,Debra Leitner
B076487E,Ivy Poison
8C184187,Eva Liebsch
19644ED4,Toshiko Choiniere
13D840BE,Irene Canizales
B9374184,Drew The Madman Wurm
ECED4A33,Lanita Pursley
1EA44D47,Danille Charboneau
F80A4C13,Everette Briscoe
E5124479,Amber Levesque
5A2D42E0,Jen Blick
47F04DB8,Irena Natividad
DFB24CDF,Tamika Nicholas
DF994EF1,Brendan Tank
0AB7426C,Abdul Marrs
7F854395,Adrian Milling
AE8B4B15,Lisandra Mertens
8CFC4DDF,Loriann Renae Cusumano
81DA47FE,Miesha Tourigny
470C4B49,Masako Real
8B00408B,Cortez Foard
CF764AA2,Latrisha Labounty
BD4B4477,Chandra Coursey
7C444B74,Meagan Desmarais
232845BA,Darlene Frenz
530E46D0,Pricilla Shedd Naughton
9AAA4496,Loree Berry
45CC457C,N'goc Dettman
2EE3431C,Mistie Pennywell
9DEA4108,Chan Towler
14C04A71,Solange Childress
D5EC4197,Kathy Doyal
89AA463E,Remedios Mc'elvain Tooker
975A40D0,Harriette Deane Lappin
9AAF436E,Latonya F. Latch
C1AC4B7B,Barney Waitforit Stinson
0A3A4ACE,Danielle Dolby
45BA46B9,Sherell Pearce
92B94AB6,Shanna Harsch
2CD6400E,Breanna Romine
EB6C4911,Tomi Heintz
4887407F,Gilda Fiala
AABB4FB8,Teisha Grayson
4DF34E89,Mathilda Chupp
DDB143B4,Katharine Davila
3E2C448B,Marcy Schorr
7697438F,Jacquline Karly Mackay Jerez
85F14D70,Jay Toro
06734DC8,Raymon Morrone
E007456E,Beulah Baucom
5720460A,Wesley Warden
EFA54BEB,Barnaby Jones
4F534847,Ervin Helfer
647E40B3,Starr Arehart
B92A40A1,Cassandra Ruple
37FA4DF0,Tish Michael
D22E42CE,Hassie Kistner
472647DD,Darryl Neagle
612841D9,Marsha Machen
D3BB479F,Silvana Carman
092540E8,Ramonita Siewert
93884568,Samual Meiser
62864BC0,Curtis Strode
643B4C2A,Lana Kane
570B4F7A,Tawana Raney
8CD44AD5,Cathie Vanantwerp
36F742E6,Chris Harrold
A57A4424,Georgette Shryock
9C6041FA,Mitchell Varnado
5BEE4449,The Fonz
D3874F65,Bao Boyce
46744E07,Bruce Wayne
9D6E4A32,Deena Kaneshiro
422F413A,Maranda Sandage
93464A55,Bridgette Onofrio
2E54401C,Deonna Zak
A9EF4F64,Catrina Rager
B9104670,Weston Faris
701049F9,Huong Turberville Wyche
CA284181,Jenise Stroop
C4D94C4E,Felix Walczak
82334B29,Azucena Heitz
EA3045E9,Ria May
767445D6,Bruce Banner
